1,TechCorp,1234 Silicon Valley California USA,Long-Term
2,Innovative Systems,5678 Tech Park New York USA,Short-Term
3,GreenEnergy Solutions,9876 Eco Blvd Texas USA,Trial Contract
4,FutureTech,3456 Innovation Rd Boston USA,Long-Term
5,SmartElectronics Inc.,2345 Electronics St California USA,Long-Term
6,Quantum Innovations,1234 Quantum Blvd California USA,Short-Term
7,Digital Vision,8765 Vision Ave New York USA,Trial Contract
8,Energy Tech,3333 Power Lane Texas USA,Long-Term
9,AI Labs,5555 Future Rd California USA,Short-Term
10,Robotics Ltd.,1001 Robotic St Boston USA,Long-Term
11,Cloud Solutions,7777 Cloud Rd New York USA,Trial Contract
12,NextGen Electronics,6543 NextGen Blvd California USA,Long-Term
13,Sustainable Systems,1111 Green St Texas USA,Short-Term
14,NanoTech,7777 Nano Rd California USA,Trial Contract
15,Eco Innovations,2222 Eco Blvd Texas USA,Long-Term
16,Venture Electronics,8888 Venture St New York USA,Short-Term
17,TechMinds,4444 Mind St Boston USA,Trial Contract
18,Circuit Innovations,1234 Circuit Dr California USA,Long-Term
19,Smart Devices,5678 Smart St New York USA,Short-Term
20,Digital Automation,4321 Automation Ave Texas USA,Trial Contract
21,Tech Experts,8765 Expert Blvd California USA,Long-Term
22,HighTech Industries,9999 HighTech Rd Boston USA,Short-Term
23,Electric Power,3456 Electric Dr Texas USA,Trial Contract
24,Robotic Solutions,2101 Robot Rd New York USA,Long-Term
25,AI Robotics,5432 AI Rd California USA,Short-Term
26,GreenTech,2222 Green St Texas USA,Trial Contract
27,Advanced Automation,8765 Advance Ave California USA,Long-Term
28,Energy Systems,1234 Energy Blvd New York USA,Short-Term
29,Visionary Electronics,6789 Visionary Rd Boston USA,Trial Contract
30,Intelligent Systems,1234 Smart Blvd Texas USA,Long-Term
31,Automotive Solutions,Tech Park Munich Germany,Long-Term
32,Eco Innovations GmbH,Berliner Strasse 10 Berlin Germany,Short-Term
33,Advanced Robotics Japan,Shibuya Tokyo Japan,Trial Contract
34,SmartTech Korea,Gangnam Seoul South Korea,Long-Term
35,Future Electronics Ltd.,Sao Paulo Brazil Brazil,Trial Contract
36,Quantum Innovations Ltd.,London United Kingdom United Kingdom,Long-Term
37,Energy Tech Solutions,Melbourne Australia Australia,Long-Term
38,Cloud Systems,Vancouver Canada Canada,Short-Term
39,Intelligent Devices,Mumbai India India,Trial Contract
40,Circuit Innovations France,Paris France France,Long-Term
41,AI Robotics China,Beijing China China,Long-Term
42,Tech Global Solutions,Berlin Germany Germany,Short-Term
43,Digital Innovations South Korea,Seoul South Korea South Korea,Trial Contract
44,NextGen Solutions,Paris France France,Long-Term
45,Robotic Systems Ltd.,London United Kingdom United Kingdom,Long-Term
46,Automated Devices,Sydney Australia Australia,Short-Term
47,Smart Systems,Toronto Canada Canada,Trial Contract
48,Quantum Innovations Pvt. Ltd.,Mumbai India India,Long-Term
49,AI Solutions Japan,Osaka Japan Japan,Long-Term
50,TechMinds Electronics,Frankfurt Germany Germany,Short-Term
